{"cameraMode":{"drawMode":0,"name":"Shaded","section":"Shading Mode"},"sceneLighting":false,"audioPlay":false,"sceneViewState":{"m_AlwaysRefresh":false,"showFog":true,"showSkybox":false,"showFlares":true,"showImageEffects":true,"showParticleSystems":true,"showVisualEffectGraphs":true,"m_FxEnabled":true},"in2DMode":false,"pivot":{"x":-0.4145885407924652,"y":1.8113441467285157,"z":1.5275161266326905},"rotation":{"x":0.0033365730196237566,"y":0.995781660079956,"z":-0.08233887702226639,"w":0.040351249277591708},"size":6.128266334533691,"orthographic":false}