{"cameraMode":{"drawMode":0,"name":"Shaded","section":"Shading Mode"},"sceneLighting":true,"audioPlay":false,"sceneViewState":{"m_AlwaysRefresh":false,"showFog":true,"showSkybox":true,"showFlares":true,"showImageEffects":true,"showParticleSystems":true,"showVisualEffectGraphs":true,"m_FxEnabled":true},"in2DMode":false,"pivot":{"x":13.02017879486084,"y":-19.443967819213868,"z":19.650230407714845},"rotation":{"x":0.32932430505752566,"y":-0.012738259509205819,"z":0.004445111844688654,"w":0.9441205263137817},"size":49.497474670410159,"orthographic":false}