{"cameraMode":{"drawMode":0,"name":"Shaded","section":"Shading Mode"},"sceneLighting":true,"audioPlay":false,"sceneViewState":{"m_AlwaysRefresh":false,"showFog":true,"showSkybox":true,"showFlares":true,"showImageEffects":true,"showParticleSystems":true,"showVisualEffectGraphs":true,"m_FxEnabled":true},"in2DMode":false,"pivot":{"x":-1.922544240951538,"y":29.503957748413087,"z":-2.5854294300079347},"rotation":{"x":0.6985676288604736,"y":-0.002146619837731123,"z":0.002095709089189768,"w":0.7155376076698303},"size":1.2247449159622193,"orthographic":false}