{"cameraMode":{"drawMode":0,"name":"Shaded","section":"Shading Mode"},"sceneLighting":true,"audioPlay":false,"sceneViewState":{"m_AlwaysRefresh":false,"showFog":true,"showSkybox":true,"showFlares":true,"showImageEffects":true,"showParticleSystems":true,"showVisualEffectGraphs":true,"m_FxEnabled":true},"in2DMode":false,"pivot":{"x":-18.318063735961915,"y":-3.4328103065490724,"z":40.19027328491211},"rotation":{"x":-0.12838563323020936,"y":0.17515616118907929,"z":-0.02304360270500183,"w":-0.9758644700050354},"size":49.497474670410159,"orthographic":false}