{"cameraMode":{"drawMode":0,"name":"Shaded","section":"Shading Mode"},"sceneLighting":true,"audioPlay":false,"sceneViewState":{"m_AlwaysRefresh":false,"showFog":true,"showSkybox":true,"showFlares":true,"showImageEffects":true,"showParticleSystems":true,"showVisualEffectGraphs":true,"m_FxEnabled":true},"in2DMode":false,"pivot":{"x":10.116687774658204,"y":-2.497188091278076,"z":28.496858596801759},"rotation":{"x":0.10188214480876923,"y":0.540897786617279,"z":-0.06621483713388443,"w":0.8322688341140747},"size":13.146381378173829,"orthographic":false}