{"cameraMode":{"drawMode":0,"name":"Shaded","section":"Shading Mode"},"sceneLighting":true,"audioPlay":false,"sceneViewState":{"m_AlwaysRefresh":false,"showFog":true,"showSkybox":true,"showFlares":true,"showImageEffects":true,"showParticleSystems":true,"showVisualEffectGraphs":true,"m_FxEnabled":true},"in2DMode":false,"pivot":{"x":-2.089524030685425,"y":53.42079162597656,"z":-28.04153060913086},"rotation":{"x":0.5466687083244324,"y":-0.006279764696955681,"z":0.004100274294614792,"w":0.8373160362243652},"size":2.5993471145629885,"orthographic":false}